feature,coefficient,abs_coefficient
cat__Location_Katherine,-1.3658445427116843,1.3658445427116843
num__Humidity3pm,1.2657987141908231,1.2657987141908231
num__Pressure3pm,-1.1276334673656685,1.1276334673656685
cat__Location_Wollongong,-0.8876601758584456,0.8876601758584456
cat__Location_Townsville,-0.8651716690140754,0.8651716690140754
cat__Location_Adelaide,0.8396111629354944,0.8396111629354944
cat__Location_Darwin,-0.751798103630203,0.751798103630203
num__Pressure9am,0.7351829605110959,0.7351829605110959
num__WindGustSpeed,0.6889560540067073,0.6889560540067073
cat__Location_Witchcliffe,0.6886128133459761,0.6886128133459761
cat__Location_Penrith,0.6685086284994602,0.6685086284994602
cat__Location_SalmonGums,0.6661263869576968,0.6661263869576968
cat__RainToday_No,-0.6512490032179479,0.6512490032179479
cat__Location_Perth,0.5750075945337411,0.5750075945337411
cat__Location_MountGinini,-0.5334114952353005,0.5334114952353005
cat__Location_NorahHead,-0.5067206752681737,0.5067206752681737
cat__Location_Tuggeranong,0.501129038929471,0.501129038929471
cat__Location_PerthAirport,0.42763253439058846,0.42763253439058846
cat__Location_Newcastle,-0.4096571660358729,0.4096571660358729
cat__Location_Albury,0.400382674515565,0.400382674515565
cat__Location_Dartmoor,0.3866038288390163,0.3866038288390163
cat__Location_NorfolkIsland,-0.3860979274679352,0.3860979274679352
cat__Location_MelbourneAirport,-0.3799955861753895,0.3799955861753895
cat__Location_Albany,-0.37740073805003316,0.37740073805003316
cat__Location_PearceRAAF,0.36638859322531114,0.36638859322531114
cat__Location_WaggaWagga,0.3282097856967277,0.3282097856967277
cat__Location_Cairns,-0.32302606374749426,0.32302606374749426
cat__Location_Ballarat,-0.3135363137293021,0.3135363137293021
num__Sunshine,-0.30847166068030785,0.30847166068030785
cat__Location_Brisbane,0.30767358731560585,0.30767358731560585
cat__Location_GoldCoast,-0.3022650128408447,0.3022650128408447
cat__Location_BadgerysCreek,0.3017664404861201,0.3017664404861201
cat__Location_Hobart,-0.29973355865237783,0.29973355865237783
cat__WindDir3pm_NNW,0.2884848316673051,0.2884848316673051
num__Cloud3pm,0.2727086332503988,0.2727086332503988
date__doy_cos,-0.2704863690582597,0.2704863690582597
cat__Location_Sale,-0.2671780188700907,0.2671780188700907
cat__WindDir9am_S,-0.2620953460833371,0.2620953460833371
cat__Location_Woomera,-0.2550024642985535,0.2550024642985535
cat__WindDir3pm_NE,-0.25042067574007737,0.25042067574007737
cat__WindDir9am_SSE,-0.24143255598914642,0.24143255598914642
cat__Location_Walpole,0.23217383068849612,0.23217383068849612
cat__WindDir3pm_NW,0.22879117374589786,0.22879117374589786
cat__WindDir3pm_SW,-0.22538172978879487,0.22538172978879487
cat__WindGustDir_NNE,-0.2166232146665669,0.2166232146665669
cat__WindDir9am_ESE,-0.21639415429718606,0.21639415429718606
num__missingindicator_Cloud3pm,-0.210998479568739,0.210998479568739
num__MinTemp,0.20962626830804004,0.20962626830804004
cat__WindDir9am_SE,-0.20888133335164788,0.20888133335164788
cat__WindDir3pm_SSE,-0.2033871507504678,0.2033871507504678
cat__WindDir9am_E,-0.20019626834637086,0.20019626834637086
cat__WindDir9am_NNE,0.1986998025425125,0.1986998025425125
cat__WindGustDir_missing,0.19464841308871816,0.19464841308871816
cat__Location_Nuriootpa,0.19370792974129236,0.19370792974129236
cat__RainToday_Yes,-0.17394516005326693,0.17394516005326693
num__WindSpeed3pm,-0.16591498757651335,0.16591498757651335
cat__Location_Richmond,0.15744478095864783,0.15744478095864783
cat__WindDir3pm_SSW,-0.15528673723791084,0.15528673723791084
cat__WindGustDir_WNW,-0.15475722554912796,0.15475722554912796
cat__WindDir9am_missing,-0.15357926313802694,0.15357926313802694
cat__Location_MountGambier,0.1494785212698621,0.1494785212698621
cat__WindDir3pm_N,0.1454759986888933,0.1454759986888933
cat__WindDir3pm_WSW,-0.1429654171040075,0.1429654171040075
cat__WindGustDir_NE,-0.13892646000189066,0.13892646000189066
num__missingindicator_Temp3pm,0.13569892451467158,0.13569892451467158
cat__Location_Cobar,0.13407978138441107,0.13407978138441107
cat__WindGustDir_W,-0.12595801174717966,0.12595801174717966
num__missingindicator_Sunshine,0.12478309386333679,0.12478309386333679
cat__Location_Portland,0.12331619693478316,0.12331619693478316
cat__Location_Watsonia,-0.11762287496980442,0.11762287496980442
cat__Location_Bendigo,0.11351365417921808,0.11351365417921808
cat__WindDir3pm_missing,-0.11211450914023524,0.11211450914023524
cat__Location_SydneyAirport,-0.10602678549665971,0.10602678549665971
cat__WindGustDir_N,-0.10596992990224859,0.10596992990224859
cat__WindDir3pm_ESE,-0.10394538510724181,0.10394538510724181
cat__WindDir3pm_E,-0.10387033409484143,0.10387033409484143
cat__Location_AliceSprings,-0.10254454629679137,0.10254454629679137
num__missingindicator_Pressure9am,-0.09858748035988078,0.09858748035988078
num__Temp3pm,0.09798172667783518,0.09798172667783518
cat__Location_Canberra,0.09794520891568173,0.09794520891568173
date__doy_sin,-0.09756071117940979,0.09756071117940979
cat__WindGustDir_E,-0.09454013841468277,0.09454013841468277
num__missingindicator_Rainfall,0.08887724395203965,0.08887724395203965
num__missingindicator_Cloud9am,0.0850788980198015,0.0850788980198015
cat__WindGustDir_WSW,-0.08468497097266643,0.08468497097266643
cat__WindGustDir_NNW,-0.08056589304753556,0.08056589304753556
num__Humidity9am,0.08025284760247393,0.08025284760247393
cat__WindDir3pm_SE,-0.07927980513273782,0.07927980513273782
cat__WindDir9am_SSW,-0.07720223654911818,0.07720223654911818
cat__Location_Williamtown,0.07681189330232624,0.07681189330232624
cat__WindDir3pm_S,-0.07681112420235325,0.07681112420235325
cat__WindDir9am_ENE,0.07483204635891214,0.07483204635891214
num__Rainfall,0.07480919246148922,0.07480919246148922
cat__WindDir3pm_WNW,0.07065455788047925,0.07065455788047925
cat__WindGustDir_NW,-0.06625358256037846,0.06625358256037846
cat__WindGustDir_SE,0.06591009529677765,0.06591009529677765
cat__WindDir9am_N,0.06398430450206993,0.06398430450206993
num__missingindicator_Humidity9am,0.06217255676463574,0.06217255676463574
cat__WindDir9am_WSW,0.062113960319674366,0.062113960319674366
cat__WindDir9am_SW,0.057742803939089,0.057742803939089
num__WindSpeed9am,-0.05519843668484727,0.05519843668484727
cat__WindGustDir_ENE,-0.05504437685015347,0.05504437685015347
cat__WindDir3pm_W,-0.050994480098539914,0.050994480098539914
cat__Location_Sydney,0.04913047078094658,0.04913047078094658
cat__WindDir9am_WNW,0.04862973153117984,0.04862973153117984
cat__WindDir3pm_ENE,-0.0464044021667792,0.0464044021667792
cat__WindDir9am_NNW,-0.044289165768728336,0.044289165768728336
cat__Location_Uluru,0.043607913795148674,0.043607913795148674
cat__WindDir9am_NE,0.04095333511718997,0.04095333511718997
num__missingindicator_WindSpeed3pm,0.040223591209314805,0.040223591209314805
num__missingindicator_Pressure3pm,0.03997931774893391,0.03997931774893391
cat__Location_Launceston,-0.037438662133310055,0.037438662133310055
cat__Location_Moree,-0.03352192161782902,0.03352192161782902
cat__Location_CoffsHarbour,-0.03337058762262184,0.03337058762262184
num__Evaporation,0.03175524331216131,0.03175524331216131
num__missingindicator_Temp9am,-0.031451705752278146,0.031451705752278146
cat__WindGustDir_SSE,0.03113701614900064,0.03113701614900064
cat__WindGustDir_SW,-0.030078646839251467,0.030078646839251467
cat__WindGustDir_ESE,0.024812993413676824,0.024812993413676824
num__missingindicator_MinTemp,-0.02167110821563939,0.02167110821563939
cat__WindGustDir_S,0.02137073950521773,0.02137073950521773
cat__WindDir9am_NW,0.01840337464567428,0.01840337464567428
cat__Location_Nhil,-0.016623825011088462,0.016623825011088462
cat__WindDir9am_W,0.014175121303530764,0.014175121303530764
cat__Location_Mildura,0.012979531528608392,0.012979531528608392
cat__WindGustDir_SSW,-0.009012650165435742,0.009012650165435742
num__Cloud9am,0.00710600481039329,0.00710600481039329
cat__WindDir3pm_NNE,-0.007080654682311075,0.007080654682311075
num__missingindicator_WindSpeed9am,-0.0067419493681512834,0.0067419493681512834
cat__Location_Melbourne,0.005270088319922525,0.005270088319922525
num__missingindicator_WindGustSpeed,-0.002799167089529175,0.002799167089529175
num__missingindicator_Humidity3pm,0.0022135075498760774,0.0022135075498760774
num__Temp9am,0.00201596811781968,0.00201596811781968
num__missingindicator_Evaporation,0.0008918264972970879,0.0008918264972970879
cat__RainToday_missing,0.0006583200076577873,0.0006583200076577873
