order,feature_set,preprocessing,C,l1_ratio,class_weight,penalty,fit_time_mean_s,roc_auc_mean,roc_auc_std,roc_auc_se,roc_auc_fold0,roc_auc_fold1,roc_auc_fold2,roc_auc_fold3,roc_auc_fold4,pr_auc_mean,pr_auc_std,pr_auc_se,pr_auc_fold0,pr_auc_fold1,pr_auc_fold2,pr_auc_fold3,pr_auc_fold4,ks_mean,ks_std,ks_se,ks_fold0,ks_fold1,ks_fold2,ks_fold3,ks_fold4,stage,selected
0,full_without_maxtemp,base,1.0,0.0,,l2,1.4512155399999755,0.8731221182198944,0.0018009443069847534,0.0008054067788218315,0.8750100607863007,0.8717148204788203,0.8720175518064947,0.8716999969100871,0.8751681611177691,0.706309587577746,0.0053669522797138184,0.0024001740258875128,0.7113861075005842,0.7049709737174884,0.6986143858795245,0.7050782866462237,0.7114981841449091,0.5813942214973982,0.00412445377808306,0.0018445118035699108,0.5873143942958527,0.5801095451713452,0.5763580805301389,0.5833124876898025,0.5798765997998517,1_preprocessing,False
1,full_without_maxtemp,indicators,1.0,0.0,,l2,2.1767871800006104,0.8742505368832839,0.0016476057759911293,0.0007368317030474912,0.875986435844503,0.8728911407692661,0.8734526084748446,0.8728377308501651,0.876084768477641,0.7083983734181211,0.005301133175422797,0.0023707388276049384,0.712839199323343,0.7077444776080388,0.7004194858716748,0.707347080531114,0.7136416237564353,0.5832958283219749,0.0037295281272888095,0.0016678956833230533,0.5892237969746718,0.5813841717638961,0.5793313078128571,0.5840194367033865,0.5825204283550631,1_preprocessing,True
2,full_without_maxtemp,indicators_log,1.0,0.0,,l2,1.8212641400001304,0.8748783618143257,0.0018016889957271952,0.0008057398137518673,0.8766687668206021,0.8732080947101846,0.8743176463418011,0.8732851547317657,0.8769121464672756,0.7100596773009336,0.005239866135210485,0.0023433393742659497,0.7148107121725716,0.7087135407826037,0.7029902355180392,0.7081005820995071,0.715683315931946,0.5847477628036228,0.0035332211531320375,0.001580104535588686,0.5903462865690963,0.5819017446789523,0.5822603648671205,0.5860762068651052,0.5831542110378396,1_preprocessing,False
0,full_without_maxtemp,indicators,0.001,0.0,,l2,1.174964300000647,0.8675877377552064,0.0017065361664604331,0.000763186174853485,0.8703310034367271,0.8661189107621663,0.8669651687700859,0.8664353513869375,0.8680882544201153,0.6928641512711418,0.005140249609734107,0.0022987895097364456,0.6978396858735866,0.6909987098298007,0.6859878697874824,0.691350370871349,0.6981441199934899,0.5693571108677872,0.004828712117529191,0.002159465707714445,0.5757864793596725,0.57331213763323,0.5655430601885467,0.5663504438882602,0.5657934332692265,2_hyperparameters,False
1,full_without_maxtemp,indicators,0.001,1.0,,l1,62.317208659999594,0.858011451291885,0.0018102514470118415,0.0008095690583771672,0.8605142983832319,0.8586917331711555,0.8557536367447425,0.8582026993818822,0.8568948887784132,0.6785585399504741,0.005050971261045994,0.0022588630184193358,0.6834862409740559,0.6792939610098631,0.6708659398623155,0.6767456762047902,0.6824008817013463,0.5508926144224067,0.00569558974881871,0.0025471451700619175,0.5550679187880061,0.5561797229505051,0.5441493452514825,0.553728500629576,0.5453375844924638,2_hyperparameters,False
2,full_without_maxtemp,indicators,0.01,0.0,,l2,1.8856833200003167,0.8732538180622095,0.0015950479844785016,0.0007133271441335918,0.8751802586231047,0.8718328331130081,0.8728684797393617,0.8717290681318763,0.8746584507036964,0.7052717414901151,0.005067563362402115,0.002266283231723706,0.7091898875612327,0.7040080660629108,0.6982651973807601,0.7037592746355211,0.7111362818101508,0.5804249255427176,0.0032862167432307953,0.001469640805332406,0.5858624116030838,0.5799345168851215,0.5769153165074811,0.5795654550953289,0.5798469276225735,2_hyperparameters,False
3,full_without_maxtemp,indicators,0.01,1.0,,l1,125.58340531999966,0.8682154444410749,0.00119310152231891,0.000533571221592713,0.870182285300442,0.8674321737847092,0.867557422924579,0.8673865888068735,0.8685187513887707,0.6954032529013937,0.004626743549154891,0.002069142618073795,0.6993077965487384,0.6937538338003045,0.6890125997966442,0.6944486643157995,0.7004933700454815,0.5703103170498302,0.004318029185005826,0.0019310813573002084,0.5744441733195533,0.5755180949951375,0.5667631500704544,0.5681207085205122,0.5667054583434932,2_hyperparameters,False
4,full_without_maxtemp,indicators,0.1,0.0,,l2,1.6423770599994896,0.8742411333863338,0.0016394815405659507,0.000733198434512309,0.8760116707374204,0.8728635969760121,0.8735066193494346,0.8728116769257279,0.8760121029430743,0.7082639102051624,0.005244380055136419,0.002345358060625825,0.712564197937864,0.7075003858544556,0.7004719473056121,0.7071380043670775,0.713645015560803,0.5829559130760537,0.004190814306464203,0.0018741891340665188,0.5898221242968182,0.5809217365149719,0.5786710079691205,0.5831613473842736,0.5822033492150844,2_hyperparameters,True
5,full_without_maxtemp,indicators,0.1,1.0,,l1,60.48222928000032,0.8741843882733853,0.001501520706537889,0.0006715004738884465,0.8760090421027416,0.8728939076684975,0.8735276152318378,0.8729069033309509,0.8755844730328988,0.7081347011437794,0.005133158058811179,0.0022956180717505314,0.7123504557413396,0.7072945989636288,0.7004982768801286,0.7071404411485861,0.713389732985214,0.5826154042727935,0.00419856815374316,0.0018776567599870988,0.5891564538576604,0.5810759567173828,0.578369328313552,0.5841140871929325,0.5803611952824393,2_hyperparameters,False
6,full_without_maxtemp,indicators,1.0,0.0,,l2,2.937776920000033,0.8742505368832839,0.0016476057759911293,0.0007368317030474912,0.875986435844503,0.8728911407692661,0.8734526084748446,0.8728377308501651,0.876084768477641,0.7083983734181211,0.005301133175422797,0.0023707388276049384,0.712839199323343,0.7077444776080388,0.7004194858716748,0.707347080531114,0.7136416237564353,0.5832958283219749,0.0037295281272888095,0.0016678956833230533,0.5892237969746718,0.5813841717638961,0.5793313078128571,0.5840194367033865,0.5825204283550631,2_hyperparameters,False
7,full_without_maxtemp,indicators,1.0,1.0,,l1,137.1927144999998,0.8743009650268563,0.0016445534980665062,0.0007354666828623554,0.8760355287264583,0.8729083055604261,0.8735220563935628,0.8729120114526091,0.8761269230012257,0.7084327305652638,0.0052683124520899,0.002356060953916324,0.7127886377979162,0.7077313201280938,0.7006098870547817,0.7072252385241532,0.7138085693213743,0.5831514319429363,0.0038738020166541177,0.001732416928122876,0.5887845646371379,0.5806622739825186,0.5787352350870266,0.5847323201524264,0.582842765855572,2_hyperparameters,False
8,full_without_maxtemp,indicators,10.0,0.0,,l2,2.3929453400000056,0.8742226180722097,0.001652332400414865,0.0007389455137506079,0.875972479046089,0.872881938638338,0.8733553037652215,0.872838582203775,0.8760647867076257,0.7083720708648787,0.00532063402901658,0.002379459874455932,0.7128537192817869,0.7077596433836866,0.7004320503691963,0.7071328167753778,0.713682124514346,0.5832126827100004,0.004095586952300523,0.0018316021666210315,0.5892458649886665,0.5811344747581417,0.578520543738517,0.5850111634994059,0.5821513665652704,2_hyperparameters,False
9,full_without_maxtemp,indicators,10.0,1.0,,l1,130.11675579999974,0.8742946583274923,0.0016587104974713264,0.0007417978854676757,0.8760155511028986,0.8728746019734076,0.8735068822674611,0.8729120740521392,0.876164182241555,0.7084186263809424,0.005276991908718403,0.0023599425249221425,0.712782233781909,0.7076773085600421,0.7005975774779656,0.7072155556726915,0.7138204564121038,0.5831882873371861,0.0038370434469349214,0.0017159779959933182,0.5887412297168602,0.5807900521434054,0.5787637804727627,0.5848036084973303,0.582842765855572,2_hyperparameters,False
10,full_without_maxtemp,indicators,100.0,0.0,,l2,2.4109461199997897,0.8742502421123719,0.001666102449091327,0.000745103666729418,0.8760299209724768,0.8728850560949382,0.8734320257493402,0.8728209040964683,0.8760833036486362,0.7084259445852548,0.005330148062278382,0.002383714679478649,0.7129268023804443,0.7077833307502284,0.7004078228492195,0.7073413398804452,0.7136704270659366,0.5829701358836303,0.0039696574249279,0.0017752847699051104,0.5891539128441374,0.5809995602508208,0.5786288659654418,0.5840479820891226,0.5820203582686292,2_hyperparameters,False
11,full_without_maxtemp,indicators,100.0,1.0,,l1,127.2161344600001,0.8742934565355037,0.0016598864706884127,0.0007423237966783005,0.8760126846393679,0.8728704203247954,0.8735064691105624,0.872910922220785,0.8761667863820081,0.7084161538136415,0.00527511516450581,0.0023591032193949956,0.7127835648077739,0.7076650855758405,0.7006021793248719,0.7072134000293788,0.7138165393303425,0.5832386173594049,0.003833736050651601,0.0017144988834097111,0.5886809088096338,0.5808075549720277,0.5787637804727627,0.5850111634994059,0.5829296790431948,2_hyperparameters,False
12,full_without_maxtemp,indicators,0.001,0.0,balanced,l2,1.1779245400000946,0.8687599511610656,0.0016686868232689924,0.000746259433997529,0.8713650206982451,0.8670606205336174,0.8683312031965223,0.8677577915005964,0.8692851198763474,0.6920987572589473,0.004984008305444186,0.002228916274279347,0.6968146359007347,0.6900663534284345,0.6852999043893434,0.6911316644913057,0.6971812280849188,0.5714996964351879,0.004096791399665517,0.0018321408118577207,0.5764750189205369,0.5751009567662104,0.5679909772542855,0.5704250723437729,0.567506456891134,2_hyperparameters,False
13,full_without_maxtemp,indicators,0.001,1.0,balanced,l1,45.9613820999999,0.8603221399882486,0.0017347469948788313,0.0007758024408625093,0.8629013928283986,0.8606599813373272,0.8583137008686962,0.8605097049053143,0.8592259200015064,0.6801581260745209,0.005109128639283739,0.0022848717886458886,0.6854910115917877,0.6804141046914002,0.6723843753315439,0.6786922961861591,0.6838088425717135,0.5546029881241014,0.0048882637455277215,0.0021860980053895434,0.5580382884924557,0.5594616911157896,0.5480565324838227,0.5565389440941626,0.5509194844342763,2_hyperparameters,False
14,full_without_maxtemp,indicators,0.01,0.0,balanced,l2,1.9302281600001152,0.873904614433688,0.0016046162849011356,0.0007176062181684217,0.8758645923684826,0.8723513575409222,0.8736094828973326,0.8724431660118004,0.8752544733499027,0.70274566183041,0.004993279930965156,0.0022330626712647093,0.7068056654975278,0.7012691424843082,0.6957003971342958,0.7016994998347174,0.7082536042012005,0.5819083166740597,0.0027101279739425474,0.0012120060754918628,0.5863422375704446,0.5822539045956118,0.5791800923878921,0.5807198905900436,0.5810454582263069,2_hyperparameters,False
15,full_without_maxtemp,indicators,0.01,1.0,balanced,l1,41.42925370000048,0.8702171219236272,0.001149283345290797,0.0005139751370957169,0.871933631931212,0.8690914995296772,0.8697923513490274,0.8694723425510391,0.8707957842571796,0.6953535257921762,0.004713479352837561,0.0021079320486973004,0.6988929279887263,0.6933085822112385,0.6888182587658933,0.6949805065529588,0.7007673534420645,0.574900551304404,0.003858059284430791,0.0017253765642422888,0.5768929217652479,0.5801413958122718,0.5706088144845898,0.5750664769450187,0.5717931475148914,2_hyperparameters,False
16,full_without_maxtemp,indicators,0.1,0.0,balanced,l2,2.4487411799997063,0.8748252363623505,0.0016562153014079307,0.0007406819998646872,0.876692537188484,0.8733429090582572,0.8742897269513662,0.87332094914309,0.8764800594705553,0.7047682483326487,0.00509816772068879,0.0022799699168310587,0.7090395600445423,0.7037500067207643,0.6971740154108311,0.7039732677631507,0.7099043917239554,0.5841481047903132,0.0036455604779118836,0.0016303442089395184,0.58919022555463,0.5803268657001199,0.5808521759170994,0.5849411521849165,0.5854301045948005,2_hyperparameters,False
17,full_without_maxtemp,indicators,0.1,1.0,balanced,l1,212.75259028000036,0.8747897268556603,0.0015577191136703786,0.0006966331656035377,0.8766454470758079,0.8733268960984517,0.8742988164031401,0.8734465112806107,0.8762309634202903,0.7046986200504068,0.005040442573561016,0.0022541544462332834,0.7088544998764613,0.7036435052842018,0.6971986669405518,0.7039559431283934,0.7098404850224261,0.584107895243872,0.003217872429700842,0.001439076299146699,0.589386033803591,0.5815696416517442,0.5814423893269103,0.5841401536372756,0.5840012577998388,2_hyperparameters,False
18,full_without_maxtemp,indicators,1.0,0.0,balanced,l2,2.780774439999732,0.874850815168435,0.001673123063911994,0.0007482433811259887,0.8767374868414928,0.8733716422425837,0.8742241226437975,0.8733740460645404,0.8765467780497601,0.7047824659355896,0.005141345845622036,0.0022992797613294023,0.7092659556523425,0.7038486179556446,0.6971078198653594,0.7038994652888043,0.7097904709157968,0.5844955460403869,0.003089204904384699,0.0013815344325259849,0.5891579934865437,0.5814398352660812,0.5820190812382147,0.5843891745681046,0.5854716456429901,2_hyperparameters,False
19,full_without_maxtemp,indicators,1.0,1.0,balanced,l1,140.71321451999938,0.8748780670735508,0.0016600639313019275,0.0007424031594773302,0.876711525944712,0.8733944034317361,0.8742801116635395,0.8734096526772741,0.8765946416504922,0.7048555612376951,0.005088778315485796,0.002275770847170622,0.7091759299908003,0.7038630809578157,0.6973205331006116,0.703933788559623,0.7099844735796246,0.5843764667102058,0.0033818742004532,0.001512420120713221,0.5892786353009967,0.581175865567459,0.5813270058729877,0.584254936135709,0.5858458906738769,2_hyperparameters,False
20,full_without_maxtemp,indicators,10.0,0.0,balanced,l2,2.5590642999995907,0.8748505800306224,0.0016821112597763315,0.0007522630245155369,0.8767317914663553,0.873356593315542,0.8742302323579374,0.8733647938539881,0.876569489159289,0.7048015802723521,0.005125936011923484,0.0022923882741950163,0.7092418098117685,0.7038107167086448,0.6971712082951642,0.7039390806548828,0.7098450858912999,0.5844730736503149,0.0032439992050032856,0.0014507605482685245,0.589379011593806,0.5817680320826097,0.5814476476874406,0.58410574893552,0.5856649279521976,2_hyperparameters,False
21,full_without_maxtemp,indicators,10.0,1.0,balanced,l1,176.14180081999947,0.8748748824828192,0.00166900718343534,0.0007464027034193762,0.8767001226771286,0.8733786784297695,0.8742643365819485,0.8734094273189656,0.8766218474062836,0.7048475059886264,0.005085892184374153,0.0022744801300990996,0.7091577872668144,0.7038593044258001,0.6973159432651903,0.7039252176312519,0.7099792773540753,0.5844020051143273,0.0032470497899159843,0.0014521248113157103,0.5891507709998307,0.5815909755716101,0.5813127331801198,0.5841077020408598,0.5858478437792167,2_hyperparameters,False
22,full_without_maxtemp,indicators,100.0,0.0,balanced,l2,6.1568361800000275,0.8748634276474604,0.0016751860521864177,0.000749165977529668,0.8767392768165361,0.8733694637789353,0.8742316471073183,0.87340031282738,0.8765764377071326,0.7048039959013056,0.005116114092127112,0.002287995778128169,0.7092199650822862,0.7038128492438616,0.6971936656319523,0.7039354178309045,0.7098580817175236,0.5843144812940739,0.0033393507216844033,0.0014934030428798613,0.5892632515294711,0.5812199606764775,0.5812647318604214,0.5844008180807074,0.5854236443232919,2_hyperparameters,False
23,full_without_maxtemp,indicators,100.0,1.0,balanced,l1,163.7038494399996,0.8748737182417153,0.0016702839973210877,0.0007469737119480057,0.876697469007834,0.8733765124860271,0.8742624585960448,0.8734071111363513,0.8766250399823198,0.7048465159153559,0.005084133569488169,0.002273693653612839,0.709152459365034,0.7038545136405469,0.6973194762786097,0.703925110879248,0.7099810194133409,0.5844143905993249,0.0032763084258015493,0.001465209671069518,0.5891919654604414,0.5815306546643837,0.5813127331801198,0.5841680229480863,0.5858685767435934,2_hyperparameters,False
