reference,current,feature,type,in_model,psi,psi_band_heuristic,ks_statistic,ks_pvalue,ref_n,cur_n,ref_missing_rate,cur_missing_rate,ref_median,cur_median,ref_mean,cur_mean
TRAIN (todos os meses),OOT 2017,MinTemp,numérica,True,0.07870015808494535,pouca mudança,0.11126394830732433,1.735222996506057e-85,106529,8517,0.004225049307821015,0.012292705554911285,11.9,13.9,12.102754179613063,13.712833157214984
TRAIN (todos os meses),OOT 2017,MaxTemp,numérica,False,0.09065682269220651,pouca mudança,0.11439216138163172,1.298819915826479e-90,106745,8542,0.002205999196118937,0.00939348254667749,22.5,24.6,23.123834371633333,25.031702177476
TRAIN (todos os meses),OOT 2017,Rainfall,numérica,True,0.014307596005568461,pouca mudança,0.03326073097220561,5.6553839114486134e-08,105928,8471,0.00984286929454763,0.017627275890061463,0.0,0.0,2.343353976285779,2.478833667807815
TRAIN (todos os meses),OOT 2017,Evaporation,numérica,True,0.28061042026305183,mudança relevante,0.08200921779454262,1.6782478039173142e-16,62698,2870,0.4139333152615885,0.6671691986547605,4.6,5.4,5.439932693227854,6.182229965156794
TRAIN (todos os meses),OOT 2017,Sunshine,numérica,True,0.34087173373690427,mudança relevante,0.024782869423492837,0.14052455677849773,57643,2231,0.4611846963479496,0.7412733387452163,8.5,8.6,7.620156827368457,7.676602420439265
TRAIN (todos os meses),OOT 2017,WindGustSpeed,numérica,True,0.03612306264067311,pouca mudança,0.07171362995759051,6.895809250024649e-34,99894,8083,0.066245408063114,0.06262321697784994,39.0,37.0,40.14202054177428,37.55536310775702
TRAIN (todos os meses),OOT 2017,WindSpeed9am,numérica,True,0.020334809363596062,pouca mudança,0.05594376191749029,5.103156186528034e-22,105936,8574,0.009768089660780886,0.0056824770961382345,13.0,11.0,14.047613653526657,12.905761604851877
TRAIN (todos os meses),OOT 2017,WindSpeed3pm,numérica,True,0.05374814163195899,pouca mudança,0.07883152415444117,7.502021109174583e-42,105129,8262,0.01731148521700115,0.04186478023889598,19.0,17.0,18.738378563479156,17.231057855240863
TRAIN (todos os meses),OOT 2017,Humidity9am,numérica,True,0.018425668515241862,pouca mudança,0.058447811069762934,8.682952739233312e-24,105638,8494,0.012553631018592087,0.014959990722486374,70.0,72.0,68.7191067608247,71.23463621379797
TRAIN (todos os meses),OOT 2017,Humidity3pm,numérica,True,0.06035804018588415,pouca mudança,0.017769988892666122,0.017815432669845848,104539,8029,0.022826483207298492,0.06888553867563493,52.0,53.0,51.48924324893102,51.83522231909329
TRAIN (todos os meses),OOT 2017,Pressure9am,numérica,True,0.0165404947649356,pouca mudança,0.04671787841120467,5.1023702504942465e-14,96437,7734,0.0985595573045681,0.10309637017279369,1017.6,1017.9,1017.611111917625,1018.2177010602536
TRAIN (todos os meses),OOT 2017,Pressure3pm,numérica,True,0.01853134248128906,pouca mudança,0.04319624751603501,4.747949152485706e-12,96461,7736,0.09833521840326787,0.10286443233213499,1015.2,1015.7,1015.2152521433532,1015.8480739400208
TRAIN (todos os meses),OOT 2017,Cloud9am,numérica,True,0.08549521412730848,pouca mudança,0.1149004188601852,7.269910185788039e-50,67143,4590,0.3723838812499416,0.4677026556882755,5.0,6.0,4.417154431586316,5.008278867102397
TRAIN (todos os meses),OOT 2017,Cloud3pm,numérica,True,0.1431722244247332,atenção,0.10910176411678607,1.1499832905254955e-38,64905,3908,0.3933034837961881,0.5467934593528935,5.0,5.0,4.493891071566135,4.784544524053224
TRAIN (todos os meses),OOT 2017,Temp9am,numérica,True,0.04836939840026238,pouca mudança,0.09426328678437779,8.774735745512672e-62,106281,8570,0.006543217954590067,0.006146352777455642,16.6,18.1,16.92114865309886,18.224644107351228
TRAIN (todos os meses),OOT 2017,Temp3pm,numérica,True,0.13640315073217502,atenção,0.1164927158865478,2.9305774873945653e-89,105201,8089,0.016638468513100458,0.061927403455873824,21.0,22.9,21.59602285149381,23.391927308690814
TRAIN (todos os meses),OOT 2017,Location,categórica,True,0.02472370760143007,pouca mudança,,,106981,8623,,,,,,
TRAIN (todos os meses),OOT 2017,score do modelo,score,True,0.010468298829545324,pouca mudança,0.027385868502665556,1.2415688074377017e-05,106981,8623,,,0.11106953012884704,0.11315054070087555,0.22523031687875614,0.21020225179341367
TRAIN (mesmos meses do OOT: jan-jun),OOT 2017,MinTemp,numérica,True,0.021597038382605318,pouca mudança,0.03615399343350567,9.700049037558165e-09,51689,8517,0.004660029654734167,0.012292705554911285,13.6,13.9,13.43296639517112,13.712833157214984
TRAIN (mesmos meses do OOT: jan-jun),OOT 2017,MaxTemp,numérica,False,0.028131566037606224,pouca mudança,0.04393119985122351,9.791393376782025e-13,51823,8542,0.0020796826558317767,0.00939348254667749,24.0,24.6,24.20705285298034,25.031702177476
TRAIN (mesmos meses do OOT: jan-jun),OOT 2017,Rainfall,numérica,True,0.010635483697824107,pouca mudança,0.026745293596160735,5.950189630093401e-05,51396,8471,0.010302131674722227,0.017627275890061463,0.0,0.0,2.6209335356837107,2.478833667807815
TRAIN (mesmos meses do OOT: jan-jun),OOT 2017,Evaporation,numérica,True,0.3001975455751528,mudança relevante,0.08365722166216238,1.950480444303972e-16,30844,2870,0.4060580385511544,0.6671691986547605,4.8,5.4,5.427340811827261,6.182229965156794
TRAIN (mesmos meses do OOT: jan-jun),OOT 2017,Sunshine,numérica,True,0.3734052061360557,mudança relevante,0.042741524109782436,0.001007048410205597,28658,2231,0.44815235601086056,0.7412733387452163,8.3,8.6,7.413797194500663,7.676602420439265
TRAIN (mesmos meses do OOT: jan-jun),OOT 2017,WindGustSpeed,numérica,True,0.009020141018442014,pouca mudança,0.03782999233599815,4.740158013879674e-09,48503,8083,0.06601066800177158,0.06262321697784994,37.0,37.0,38.75857163474424,37.55536310775702
TRAIN (mesmos meses do OOT: jan-jun),OOT 2017,WindSpeed9am,numérica,True,0.007136784669737209,pouca mudança,0.025204521054077667,0.0001728419150721163,51466,8574,0.00895418921260904,0.0056824770961382345,13.0,11.0,13.39884583997202,12.905761604851877
TRAIN (mesmos meses do OOT: jan-jun),OOT 2017,WindSpeed3pm,numérica,True,0.039801929004258475,pouca mudança,0.042248204660014166,1.80110900311247e-11,51201,8262,0.014057114247751825,0.04186478023889598,17.0,17.0,17.9169547469776,17.231057855240863
TRAIN (mesmos meses do OOT: jan-jun),OOT 2017,Humidity9am,numérica,True,0.004283362899835416,pouca mudança,0.020066773692303808,0.005581128006162715,51217,8494,0.013749013113554524,0.014959990722486374,72.0,72.0,70.88441337837047,71.23463621379797
TRAIN (mesmos meses do OOT: jan-jun),OOT 2017,Humidity3pm,numérica,True,0.06525711356540526,pouca mudança,0.0237677664509601,0.0007789531764595726,50865,8029,0.02052723806589513,0.06888553867563493,53.0,53.0,52.37725351420426,51.83522231909329
TRAIN (mesmos meses do OOT: jan-jun),OOT 2017,Pressure9am,numérica,True,0.023068482757167913,pouca mudança,0.05645788941440211,7.786884521072122e-19,46901,7734,0.09685929406327627,0.10309637017279369,1017.6,1017.9,1017.5237478945011,1018.2177010602536
TRAIN (mesmos meses do OOT: jan-jun),OOT 2017,Pressure3pm,numérica,True,0.022365895317597785,pouca mudança,0.050039046181791114,6.849950013223862e-15,46913,7736,0.09662821821262829,0.10286443233213499,1015.3,1015.7,1015.2114693155414,1015.8480739400208
TRAIN (mesmos meses do OOT: jan-jun),OOT 2017,Cloud9am,numérica,True,0.08768834873012693,pouca mudança,0.11426752186421585,3.000305090594089e-46,32796,4590,0.36846970017908376,0.4677026556882755,5.0,6.0,4.478869374313941,5.008278867102397
TRAIN (mesmos meses do OOT: jan-jun),OOT 2017,Cloud3pm,numérica,True,0.15472428404456973,atenção,0.1113883204785141,4.6065844157412626e-38,31765,3908,0.3883229670139223,0.5467934593528935,5.0,5.0,4.552935620966473,4.784544524053224
TRAIN (mesmos meses do OOT: jan-jun),OOT 2017,Temp9am,numérica,True,0.011458184550405075,pouca mudança,0.02861744331637528,1.1615494155454811e-05,51537,8570,0.007586990429608519,0.006146352777455642,17.8,18.1,17.798756233385724,18.224644107351228
TRAIN (mesmos meses do OOT: jan-jun),OOT 2017,Temp3pm,numérica,True,0.08272493994871649,pouca mudança,0.03763159657854831,4.964332992610568e-09,51191,8089,0.014249677456625138,0.061927403455873824,22.5,22.9,22.749286007305972,23.391927308690814
TRAIN (mesmos meses do OOT: jan-jun),OOT 2017,Location,categórica,True,0.02725880379194481,pouca mudança,,,51931,8623,,,,,,
TRAIN (mesmos meses do OOT: jan-jun),OOT 2017,score do modelo,score,True,0.009453527276659109,pouca mudança,0.02507447208476954,0.00017983037785797046,51931,8623,,,0.10965654385130205,0.11315054070087555,0.22367035152796066,0.21020225179341367
