month,train_n,train_rate,test_n,test_rate,oot_n,oot_rate,oot_minus_train
1,9126,0.19340346263423186,2303,0.18888406426400348,1492.0,0.19973190348525469,0.006328440851022826
2,7398,0.20911057042443904,1782,0.21099887766554434,1345.0,0.21115241635687731,0.00204184593243828
3,9311,0.2065299108581248,2245,0.19866369710467707,1480.0,0.27837837837837837,0.07184846752025356
4,7920,0.22234848484848485,1935,0.2144702842377261,1451.0,0.1977946243969676,-0.02455386045151725
5,9158,0.22756060275169251,2396,0.2353923205342237,1501.0,0.19520319786808793,-0.032357404883604585
6,9018,0.27278775781769793,2174,0.2736890524379025,1197.0,0.15789473684210525,-0.11489302097559267
7,9354,0.2734658969424845,2425,0.25278350515463915,,,
8,9405,0.2523125996810207,2357,0.2532880780653373,,,
9,9013,0.2272273382891379,2332,0.23927958833619212,,,
10,9468,0.19497253907900297,2336,0.19863013698630136,,,
11,9193,0.21081257478516263,2268,0.21957671957671956,,,
12,8617,0.2074968086340954,2193,0.2106703146374829,,,
